id,address,longitude,latitude,capacity,has_kiosk,station_type
72,W 52 St & 11 Ave,-73.99392888,40.76727216,55,True,classic
79,Franklin St & W Broadway,-74.00666661,40.71911552,33,True,classic
82,St James Pl & Pearl St,-74.00016545,40.71117416,27,True,classic
83,Atlantic Ave & Fort Greene Pl,-73.97632328,40.68382604,62,True,classic
116,W 17 St & 8 Ave,-74.00149746,40.74177603,50,True,classic
119,Park Ave & St Edwards St,-73.97803415,40.69608941,19,True,classic
120,Lexington Ave & Classon Ave,-73.95928168,40.68676793,19,True,classic
127,Barrow St & Hudson St,-74.00674436,40.73172428,31,True,classic
128,MacDougal St & Prince St,-74.00297088,40.72710258,30,True,classic
143,Clinton St & Joralemon St,-73.99337909,40.69239502,24,True,classic
144,Nassau St & Navy St,-73.98068914,40.69839895,58,True,classic
146,Hudson St & Reade St,-74.0091059,40.71625008,39,True,classic
150,E 2 St & Avenue C,-73.98085795,40.7208736,55,True,classic
151,Cleveland Pl & Spring St,-73.99724900722504,40.722103786686034,33,True,classic
157,Henry St & Atlantic Ave,-73.99612349,40.69089272,23,True,classic
161,LaGuardia Pl & W 3 St,-73.99810231,40.72917025,35,True,classic
164,E 47 St & 2 Ave,-73.97032517,40.75323098,47,True,classic
167,E 39 St & 3 Ave,-73.97604882,40.7489006,45,True,classic
168,W 18 St & 6 Ave,-73.99456405,40.73971301,47,True,classic
173,Broadway & W 49 St,-73.9845272898674,40.76068327096592,70,True,classic
174,E 25 St & 1 Ave,-73.97738662,40.7381765,30,True,classic
195,Liberty St & Broadway,-74.01043382,40.70905623,45,True,classic
212,W 16 St & The High Line,-74.00681753,40.74334935,60,True,classic
216,Columbia Heights & Cranberry St,-73.99548059,40.70037867,23,True,classic
217,Old Fulton St,-73.99383605,40.70277159,39,True,classic
223,W 13 St & 7 Ave,-73.99994661,40.73781509,33,True,classic
224,Spruce St & Nassau St,-74.00552427,40.71146364,31,True,classic
228,E 48 St & 3 Ave,-73.971878855,40.7546011026,55,True,classic
229,Great Jones St,-73.99379025,40.72743423,23,True,classic
236,St Marks Pl & 2 Ave,-73.98713956,40.7284186,47,True,classic
237,E 11 St & 2 Ave,-73.98672378,40.73047309,39,True,classic
238,Bank St & Washington St,-74.00859207,40.7361967,31,True,classic
239,Willoughby St & Fleet St,-73.9813018,40.69196566,31,True,classic
241,DeKalb Ave & S Portland Ave,-73.97493121,40.68981035,23,True,classic
242,Carlton Ave & Flushing Ave,-73.973736,40.697787,46,True,classic
244,Willoughby Ave & Hall St,-73.96536851,40.69196035,31,True,classic
245,Myrtle Ave & St Edwards St,-73.97703874,40.69327018,23,True,classic
247,Perry St & Bleecker St,-74.00483091,40.73535398,55,True,classic
248,Laight St & Hudson St,-74.00771779,40.72185379,23,True,classic
249,Harrison St & Hudson St,-74.0090009,40.71870987,27,True,classic
250,Lafayette St & Jersey St,-73.99565293,40.72456089,40,True,classic
251,Mott St & Prince St,-73.99480012,40.72317958,27,True,classic
252,MacDougal St & Washington Sq,-73.99852205,40.73226398,33,True,classic
254,W 11 St & 6 Ave,-73.99800419,40.73532427,59,True,classic
257,Lispenard St & Broadway,-74.00247214,40.71939226,39,True,classic
258,DeKalb Ave & Vanderbilt Ave,-73.96885458,40.68940747,23,True,classic
259,South St & Whitehall St,-74.01234218,40.70122128,39,True,classic
260,Broad St & Bridge St,-74.01167797,40.70365182,33,True,classic
261,Johnson St & Gold St,-73.98362464,40.69474881,27,True,classic
262,Washington Park,-73.9737299,40.6917823,24,True,classic
264,Maiden Ln & Pearl St,-74.00731853,40.70706456,27,True,classic
265,Stanton St & Chrystie St,-73.99147535,40.72229346,35,True,classic
267,Broadway & W 36 St,-73.98765428,40.75097711,78,True,classic
268,Howard St & Centre St,-73.99973337,40.71910537,27,True,classic
270,Adelphi St & Myrtle Ave,-73.97178913,40.69308257,23,True,classic
274,Lafayette Ave & Fort Greene Pl,-73.976682,40.68691865,31,True,classic
275,Washington Ave & Greene Ave,-73.96563307,40.68650065,19,True,classic
276,Duane St & Greenwich St,-74.0104554,40.71748752,25,True,classic
278,Concord St & Bridge St,-73.98476437,40.69766564,19,True,classic
280,E 10 St & 5 Ave,-73.99510132,40.73331967,59,True,classic
281,Grand Army Plaza & Central Park S,-73.97371465,40.7643971,66,True,classic
282,Kent Ave & S 11 St,-73.96841526031494,40.707644944175705,27,True,classic
284,Greenwich Ave & 8 Ave,-74.0026376103,40.7390169121,43,True,classic
285,Broadway & E 14 St,-73.99074142,40.73454567,53,True,classic
289,Monroe St & Classon Ave,-73.95881081,40.6845683,19,True,classic
291,Madison St & Montgomery St,-73.984844,40.713126,20,True,classic
293,Lafayette St & E 8 St,-73.99102628231049,40.73020660529954,55,True,classic
295,Pike St & E Broadway,-73.99293911,40.71406667,24,True,classic
297,E 15 St & 3 Ave,-73.986923,40.734232,27,True,classic
298,3 Ave & Schermerhorn St,-73.9796772,40.68683208,35,True,classic
301,E 2 St & Avenue B,-73.98368779,40.72217444,58,True,classic
302,Avenue D & E 3 St,-73.97793172,40.72082834,23,True,classic
303,Mercer St & Spring St,-73.99949601,40.72362738,67,True,classic
304,Broadway & Battery Pl,-74.01361706,40.70463334,33,True,classic
305,E 58 St & 3 Ave,-73.96724467,40.76095756,33,True,classic
307,Canal St & Rutgers St,-73.98990025,40.71427487,30,True,classic
308,St James Pl & Oliver St,-73.99851193,40.71307916,27,True,classic
309,Murray St & West St,-74.013012,40.7149787,41,True,classic
310,State St & Smith St,-73.98912867,40.68926942,36,True,classic
311,Norfolk St & Broome St,-73.98802084,40.7172274,31,True,classic
312,Allen St & Stanton St,-73.989111,40.722055,31,True,classic
313,Washington Ave & Park Ave,-73.96751037,40.69610226,23,True,classic
315,South St & Gouverneur Ln,-74.00670227,40.70355377,29,True,classic
316,Fulton St & William St,-74.00653609,40.70955958,43,True,classic
317,E 6 St & Avenue B,-73.98185424,40.72453734,54,True,classic
319,Fulton St & Broadway,-74.009447,40.711066,33,True,classic
320,Leonard St & Church St,-74.005549,40.717571,39,True,classic
321,Cadman Plaza E & Red Cross Pl,-73.98971773,40.69991755,27,True,classic
323,Lawrence St & Willoughby St,-73.98631746,40.69236178,39,True,classic
324,DeKalb Ave & Hudson Ave,-73.981013,40.689888,51,True,classic
325,E 19 St & 3 Ave,-73.98473765,40.73624527,35,True,classic
326,E 11 St & 1 Ave,-73.98426726,40.72953837,41,True,classic
327,Vesey Pl & River Terrace,-74.01658354,40.7153379,39,True,classic
328,Watts St & Greenwich St,-74.00965965,40.72405549,23,True,classic
330,Reade St & Broadway,-74.00562789,40.71450451,39,True,classic
331,Pike St & Monroe St,-73.99193043,40.71173107,27,True,classic
332,Cherry St,-73.97948148,40.71219906,36,True,classic
334,W 20 St & 7 Ave,-73.99726235,40.74238787,31,True,classic
335,Washington Pl & Broadway,-73.99404649,40.72903917,27,True,classic
336,Sullivan St & Washington Sq,-73.99906065,40.73047747,36,True,classic
339,Avenue D & E 12 St,-73.97422494,40.72580614,30,True,classic
340,Madison St & Clinton St,-73.98776323,40.71269042,27,True,classic
341,Stanton St & Mangin St,-73.97628939,40.71782143,19,True,classic
342,Columbia St & Rivington St,-73.98016555,40.71739973,29,True,classic
343,Clinton Ave & Flushing Ave,-73.96986848,40.69794,23,True,classic
344,Monroe St & Bedford Ave,-73.95380904,40.6851443,23,True,classic
346,Bank St & Hudson St,-74.00618026,40.73652889,27,True,classic
347,Greenwich St & W Houston St,-74.008591,40.728846,35,True,classic
349,Rivington St & Ridge St,-73.98329859,40.71850211,61,True,classic
350,Clinton St & Grand St,-73.9870295,40.71559509,28,True,classic
351,Front St & Maiden Ln,-74.00612572,40.70530954,39,True,classic
353,S Portland Ave & Hanson Pl,-73.97431458,40.68539567,27,True,classic
354,Emerson Pl & Myrtle Ave,-73.96223558,40.69363137,47,True,classic
355,Bayard St & Baxter St,-73.99974372,40.71602118,43,True,classic
356,Bialystoker Pl & Delancey St,-73.98261206,40.71622644,23,True,classic
358,Christopher St & Greenwich St,-74.00711384,40.73291553,50,True,classic
359,E 47 St & Park Ave,-73.97498696,40.75510267,65,True,classic
360,William St & Pine St,-74.00887308,40.70717936,39,True,classic
361,Allen St & Hester St,-73.99190759,40.71605866,43,True,classic
362,Broadway & W 37 St,-73.98753523,40.75172632,57,True,classic
363,West Thames St,-74.01713445,40.70834698,49,True,classic
364,Lafayette Ave & Classon Ave,-73.96023854,40.68900443,27,True,classic
366,Clinton Ave & Myrtle Ave,-73.968896,40.693261,33,True,classic
367,E 53 St & Lexington Ave,-73.97069431,40.75828065,3,True,classic
368,Carmine St & 6 Ave,-74.00214988,40.73038599,39,True,classic
369,Washington Pl & 6 Ave,-74.00026394,40.73224119,60,True,classic
372,Franklin Ave & Myrtle Ave,-73.95801365375519,40.694546087246025,27,True,classic
373,Willoughby Ave & Walworth St,-73.95381995,40.69331716,19,True,classic
376,John St & William St,-74.00722156,40.70862144,43,True,classic
377,6 Ave & Canal St,-74.00566443,40.72243797,48,True,classic
379,W 31 St & 7 Ave,-73.9916,40.749156,0,True,classic
380,W 4 St & 7 Ave S,-74.00293877,40.73401143,42,True,classic
383,Greenwich Ave & Charles St,-74.000271,40.735238,39,True,classic
385,E 55 St & 2 Ave,-73.96603308,40.75797322,29,True,classic
386,Centre St & Worth St,-74.00234482,40.71494807,43,True,classic
387,Centre St & Chambers St,-74.0046073,40.71273266,39,True,classic
388,W 26 St & 10 Ave,-74.002950346,40.749717753,35,True,classic
389,Broadway & Berry St,-73.96525063,40.71044554,27,True,classic
390,Duffield St & Willoughby St,-73.9842844,40.69221589,31,True,classic
391,Clark St & Henry St,-73.99344559,40.69760127,31,True,classic
392,Jay St & Tech Pl,-73.987167,40.695065,35,True,classic
393,E 5 St & Avenue C,-73.97995466,40.72299208,37,True,classic
394,E 9 St & Avenue C,-73.97768752,40.72521311,34,True,classic
396,Lefferts Pl & Franklin Ave,-73.9557689392,40.680342423,25,True,classic
397,Fulton St & Clermont Ave,-73.96922273,40.68415748,27,True,classic
398,Atlantic Ave & Furman St,-73.9999786,40.69165183,31,True,classic
399,Lafayette Ave & St James Pl,-73.9647628,40.68851534,27,True,classic
400,Pitt St & Stanton St,-73.98178024,40.71926081,15,True,classic
401,Allen St & Rivington St,-73.98997825,40.72019576,42,True,classic
402,Broadway & E 22 St,-73.98955109,40.7403432,39,True,classic
403,E 2 St & 2 Ave,-73.99069656,40.72502876,31,True,classic
405,Washington St & Gansevoort St,-74.008119,40.739323,51,True,classic
406,Hicks St & Montague St,-73.99595065,40.69512845,34,True,classic
408,Market St & Cherry St,-73.99400398,40.71076228,23,True,classic
410,Suffolk St & Stanton St,-73.98517977,40.72066442,45,True,classic
411,E 6 St & Avenue D,-73.97668709,40.72228087,31,True,classic
412,Forsyth St & Canal St,-73.99422366,40.7158155,29,True,classic
415,Pearl St & Hanover Square,-74.00926027,40.7047177,46,True,classic
416,Cumberland St & Lafayette Ave,-73.97265183,40.68753406,31,True,classic
417,Barclay St & Church St,-74.01020234,40.71291224,25,True,classic
418,Front St & Gold St,-73.982578,40.70224,23,True,classic
419,Carlton Ave & Park Ave,-73.97355569,40.69580705,23,True,classic
420,Clermont Ave & Lafayette Ave,-73.96968902,40.68764484,23,True,classic
421,Clermont Ave & Park Ave,-73.97129668,40.69573398,19,True,classic
422,W 59 St & 10 Ave,-73.988038,40.770513,78,True,classic
423,W 54 St & 9 Ave,-73.98690506,40.76584941,27,True,classic
426,West St & Chambers St,-74.01322069,40.71754834,30,True,classic
427,Bus Slip & State St,-74.013942,40.701907,47,True,classic
432,E 7 St & Avenue A,-73.98379855,40.72621788,31,True,classic
434,9 Ave & W 18 St,-74.00366443,40.74317449,60,True,classic
435,W 21 St & 6 Ave,-73.99415556,40.74173969,50,True,classic
436,Hancock St & Bedford Ave,-73.95399026,40.68216564,27,True,classic
437,Macon St & Nostrand Ave,-73.9500479759,40.6809833854,24,True,classic
438,St Marks Pl & 1 Ave,-73.98564945,40.72779126,47,True,classic
439,E 4 St & 2 Ave,-73.98978041,40.7262807,39,True,classic
440,E 45 St & 3 Ave,-73.97282625,40.75255434,32,True,classic
442,W 27 St & 7 Ave,-73.993915,40.746647,51,True,classic
443,Bedford Ave & S 9 St,-73.96408963,40.70853074,23,True,classic
445,E 10 St & Avenue A,-73.98142006,40.72740794,80,True,classic
446,W 24 St & 7 Ave,-73.99529885,40.74487634,47,True,classic
447,8 Ave & W 52 St,-73.9851615,40.76370739,31,True,classic
448,W 37 St & 10 Ave,-73.9979009,40.75660359,27,True,classic
450,W 49 St & 8 Ave,-73.98788205,40.76227205,67,True,classic
453,W 22 St & 8 Ave,-73.99915362,40.74475148,66,True,classic
454,E 51 St & 1 Ave,-73.96592976,40.75455731,35,True,classic
455,1 Ave & E 44 St,-73.96905301,40.75001986,59,True,classic
456,E 53 St & Madison Ave,-73.97402311,40.7597108,34,True,classic
458,11 Ave & W 27 St,-74.005226,40.751396,31,True,classic
459,W 20 St & 11 Ave,-74.007756,40.746745,49,True,classic
460,S 4 St & Wythe Ave,-73.96590294,40.71285887,25,True,classic
461,E 20 St & 2 Ave,-73.98205027,40.73587678,56,True,classic
462,W 22 St & 10 Ave,-74.00451887,40.74691959,47,True,classic
464,E 56 St & 3 Ave,-73.96759673,40.75934501,53,True,classic
465,Broadway & W 41 St,-73.98658032,40.75513557,39,True,classic
466,W 25 St & 6 Ave,-73.99144871,40.74395411,35,True,classic
467,Dean St & 4 Ave,-73.97895137,40.68312489,34,True,classic
468,Broadway & W 56 St,-73.98192338,40.7652654,65,True,classic
469,Broadway & W 53 St,-73.98268129,40.76344058,57,True,classic
470,W 20 St & 8 Ave,-74.00004031,40.74345335,72,True,classic
471,Grand St & Havemeyer St,-73.95698119,40.71286844,31,True,classic
472,E 32 St & Park Ave,-73.98194829,40.7457121,55,True,classic
473,Rivington St & Chrystie St,-73.9919254,40.72110063,50,True,classic
474,5 Ave & E 29 St,-73.98683077,40.7451677,56,True,classic
476,E 31 St & 3 Ave,-73.97966069,40.74394314,47,True,classic
477,W 41 St & 8 Ave,-73.9900262,40.75640548,71,True,classic
478,11 Ave & W 41 St,-73.99884222,40.76030096,37,True,classic
479,9 Ave & W 45 St,-73.9912551,40.76019252,31,True,classic
480,W 53 St & 10 Ave,-73.99061728,40.76669671,29,True,classic
481,S 3 St & Bedford Ave,-73.96264403,40.71260486,25,True,classic
482,W 15 St & 7 Ave,-73.99931783,40.73935542,77,True,classic
483,E 12 St & 3 Ave,-73.98889957,40.73223272,34,True,classic
484,W 44 St & 5 Ave,-73.98014437,40.75500254,46,True,classic
485,W 37 St & 5 Ave,-73.98338988,40.75038009,40,True,classic
486,Broadway & W 29 St,-73.98855723,40.7462009,41,True,classic
487,E 20 St & FDR Drive,-73.97573881,40.73314259,35,True,classic
489,10 Ave & W 28 St,-74.00176802,40.75066386,49,True,classic
490,8 Ave & W 33 St,-73.993934,40.751551,66,True,classic
491,E 24 St & Park Ave S,-73.98602213,40.74096374,52,True,classic
492,W 33 St & 7 Ave,-73.99093085,40.75019995,68,True,classic
493,W 45 St & 6 Ave,-73.98291153,40.7568001,34,True,classic
494,W 26 St & 8 Ave,-73.99723551,40.74734825,66,True,classic
495,W 47 St & 10 Ave,-73.99301222,40.76269882,39,True,classic
496,E 16 St & 5 Ave,-73.99238967,40.73726186,47,True,classic
497,E 17 St & Broadway,-73.99009296,40.73704984,66,True,classic
499,Broadway & W 60 St,-73.98191841,40.76915505,36,True,classic
500,Broadway & W 51 St,-73.98336183,40.76228826,52,True,classic
501,FDR Drive & E 35 St,-73.97121214,40.744219,79,True,classic
502,Henry St & Grand St,-73.981095,40.714211,36,True,classic
503,E 20 St & Park Ave,-73.98751968,40.73827428,31,True,classic
504,1 Ave & E 16 St,-73.98165557,40.73221853,53,True,classic
505,6 Ave & W 33 St,-73.98848395,40.74901271,52,True,classic
507,E 25 St & 2 Ave,-73.97973776,40.73912601,45,True,classic
508,W 46 St & 11 Ave,-73.99667444,40.76341379,25,True,classic
509,9 Ave & W 22 St,-74.00197139,40.7454973,61,True,classic
513,W 56 St & 10 Ave,-73.988639,40.768254,29,True,classic
514,12 Ave & W 40 St,-74.00277668,40.76087502,52,True,classic
515,W 43 St & 10 Ave,-73.99461843,40.76009437,35,True,classic
516,E 47 St & 1 Ave,-73.96784384,40.75206862,31,True,classic
517,Pershing Square South,-73.97791,40.751581,69,True,classic
518,E 39 St & 2 Ave,-73.9734419,40.74780373,39,True,classic
519,Pershing Square North,-73.977706,40.751873,69,True,classic
520,W 52 St & 5 Ave,-73.97648516,40.75992262,41,True,classic
522,E 51 St & Lexington Ave,-73.97207836,40.75714758,51,True,classic
523,W 38 St & 8 Ave,-73.99138152,40.75466591,51,True,classic
525,W 34 St & 11 Ave,-74.0021163,40.75594159,55,True,classic
526,E 33 St & 5 Ave,-73.98490707,40.74765947,40,True,classic
528,2 Ave & E 31 St,-73.97706058,40.74290902,39,True,classic
529,W 42 St & 8 Ave,-73.99098507,40.7575699,41,True,classic
530,11 Ave & W 59 St,-73.99046033620834,40.77149671054441,24,True,classic
531,Forsyth St & Broome St,-73.99266288,40.71893904,39,True,classic
532,S 5 Pl & S 5 St,-73.960876,40.710451,43,True,classic
533,Broadway & W 38 St,-73.98721619,40.75299641,46,True,classic
534,Water - Whitehall Plaza,-74.0127234,40.70255065,31,True,classic
536,1 Ave & E 30 St,-73.97536082,40.74144387,28,True,classic
539,Metropolitan Ave & Bedford Ave,-73.96024116,40.71534825,31,True,classic
540,Lexington Ave & E 29 St,-73.98215353488922,40.74311555376486,0,True,classic
545,E 23 St & 1 Ave,-73.97809472,40.736502,27,True,classic
546,E 30 St & Park Ave S,-73.98303529,40.74444921,45,True,classic
2000,Front St & Washington St,-73.98940236,40.70255088,30,True,classic
2002,Wythe Ave & Metropolitan Ave,-73.963198,40.716887,27,True,classic
2003,1 Ave & E 18 St,-73.98054420948029,40.733812191966315,54,True,classic
2005,Railroad Ave & Kay Ave,-73.97100056,40.70531194,12,True,classic
2006,Central Park S & 6 Ave,-73.97634151,40.76590936,49,True,classic
2008,Little West St & 1 Pl,-74.01677685,40.70569254,24,True,classic
2009,Catherine St & Monroe St,-73.99682619,40.71117444,35,True,classic
2010,Grand St & Greene St,-74.00238141417502,40.72170005235607,39,True,classic
2012,E 27 St & 1 Ave,-73.976806,40.739445,35,True,classic
2017,E 43 St & 2 Ave,-73.97121414,40.75022392,39,True,classic
2021,W 45 St & 8 Ave,-73.98859651,40.75929124,43,True,classic
2022,E 60 St & York Ave,-73.959223,40.759107,33,True,classic
3016,Kent Ave & N 7 St,-73.96165072917938,40.72036775298455,54,True,classic
3041,Kingston Ave & Herkimer St,-73.94142771,40.67890679,24,True,classic
3042,Fulton St & Utica Ave,-73.9298911,40.6794268,19,True,classic
3043,Lewis Ave & Decatur St,-73.934903,40.6814598,19,True,classic
3044,Albany Ave & Fulton St,-73.938475,40.6800105,27,True,classic
3046,Marcus Garvey Blvd & Macon St,-73.938037,40.682601,19,True,classic
3047,Halsey St & Tompkins Ave,-73.944118,40.6823687,21,True,classic
3048,Putnam Ave & Nostrand Ave,-73.94977,40.68402,19,True,classic
3049,Cambridge Pl & Gates Ave,-73.96304,40.68488,18,True,classic
3050,Putnam Ave & Throop Ave,-73.94111,40.6851532,21,True,classic
3052,Lewis Ave & Madison St,-73.935775,40.686312,23,True,classic
3053,Marcy Ave & Lafayette Ave,-73.947915,40.6900815,23,True,classic
3054,Greene Ave & Throop Ave,-73.942061,40.6894932,19,True,classic
3055,Greene Ave & Nostrand Ave,-73.950916,40.6883337,23,True,classic
3056,Kosciuszko St & Nostrand Ave,-73.95133465,40.69072549,23,True,classic
3057,Kosciuszko St & Tompkins Ave,-73.9452416,40.69128258,18,True,classic
3058,Lewis Ave & Kosciuszko St,-73.93705428,40.69237074,24,True,classic
3059,Pulaski St & Marcus Garvey Blvd,-73.939877,40.6933982,19,True,classic
3060,Willoughby Ave & Tompkins Ave,-73.94626915,40.69425403,19,True,classic
3061,Throop Ave & Myrtle Ave,-73.94371094,40.69622937,21,True,classic
3062,Myrtle Ave & Marcy Ave,-73.94954908,40.69539817,23,True,classic
3063,Nostrand Ave & Myrtle Ave,-73.95238108,40.69527008,20,True,classic
3064,Myrtle Ave & Lewis Ave,-73.93756926,40.69681963,23,True,classic
3065,Union Ave & Wallabout St,-73.95032283,40.70029511,31,True,classic
3066,Tompkins Ave & Hopkins St,-73.94708417,40.69957608,19,True,classic
3067,Broadway & Whipple St,-73.9437303,40.7016657,27,True,classic
3068,Humboldt St & Varet St,-73.940636,40.7031724,42,True,classic
3069,Lorimer St & Broadway,-73.94818595,40.70411791,29,True,classic
3070,McKibbin St & Manhattan Ave,-73.94407279,40.70510918,23,True,classic
3071,Boerum St & Broadway,-73.94976519,40.70538077,19,True,classic
3072,Leonard St & Boerum St,-73.94644578,40.70583339,24,True,classic
3074,Montrose Ave & Bushwick Ave,-73.94016171,40.70767788,42,True,classic
3075,Division Ave & Marcy Ave,-73.95796783,40.70708701,33,True,classic
3076,Scholes St & Manhattan Ave,-73.9448625,40.70870368,36,True,classic
3077,Stagg St & Union Ave,-73.95095259,40.70877084,33,True,classic
3078,Broadway & Roebling St,-73.96063148975372,40.70924826276157,26,True,classic
3080,S 4 St & Rodney St,-73.95608,40.70934,21,True,classic
3081,Graham Ave & Grand St,-73.944024,40.711863,29,True,classic
3082,Hope St & Union Ave,-73.95141312,40.71167351,25,True,classic
3083,Bushwick Ave & Powers St,-73.94100005,40.71247661,32,True,classic
3085,Roebling St & N 4 St,-73.95739,40.71469,25,True,classic
3086,Graham Ave & Conselyea St,-73.944507,40.715143,30,True,classic
3087,Metropolitan Ave & Meeker Ave,-73.95234386,40.71413311,30,True,classic
3088,Union Ave & Jackson St,-73.952029,40.7160751,19,True,classic
3092,Berry St & N 8 St,-73.95852515,40.7190095,27,True,classic
3093,N 6 St & Bedford Ave,-73.95850939,40.71745169,28,True,classic
3094,Graham Ave & Withers St,-73.94485918,40.7169811,18,True,classic
3095,Graham Ave & Herbert St,-73.94500379,40.71929301,26,True,classic
3096,Union Ave & N 12 St,-73.95242,40.71924,39,True,classic
3100,Nassau Ave & Newell St,-73.94752621650696,40.724812564400175,51,True,classic
3101,N 12 St & Bedford Ave,-73.95484712,40.72079821,27,True,classic
3102,Driggs Ave & Lorimer St,-73.9504154,40.72179134,27,True,classic
3105,N 15 St & Wythe Ave,-73.955736,40.724055,24,True,classic
3106,Driggs Ave & N Henry St,-73.94308,40.72325,22,True,classic
3107,Bedford Ave & Nassau Ave,-73.95212324,40.72311651,39,True,classic
3108,Nassau Ave & Russell St,-73.94434,40.72557,51,True,classic
3109,Banker St & Meserole Ave,-73.95621,40.72606,31,True,classic
3110,Meserole Ave & Manhattan Ave,-73.95299117,40.72708584,28,True,classic
3112,Milton St & Franklin St,-73.95779,40.72906,33,True,classic
3113,Greenpoint Ave & Manhattan Ave,-73.95394,40.73026,27,True,classic
3115,India St & Manhattan Ave,-73.9550858,40.73232194,50,True,classic
3116,Huron St & Franklin St,-73.95826,40.73266,35,True,classic
3117,Franklin St & Dupont St,-73.95866,40.73564,27,True,classic
3118,McGuinness Blvd & Eagle St,-73.95284,40.73555,42,True,classic
3119,Vernon Blvd & 50 Ave,-73.95411749,40.74232744,45,True,classic
3121,Jackson Ave & 46 Rd,-73.94733276,40.74524768,27,True,classic
3122,48 Ave & 5 St,-73.9558732509613,40.744363287066875,31,True,classic
3123,31 St & Thomson Ave,-73.93540375,40.74469738,27,True,classic
3124,46 Ave & 5 St,-73.95451,40.74731,27,True,classic
3125,45 Rd & 11 St,-73.94977234,40.74708586,23,True,classic
3126,44 Dr & Jackson Ave,-73.9432635,40.74718234,34,True,classic
3127,9 St & 44 Rd,-73.9521,40.74966,35,True,classic
3128,21 St & 43 Ave,-73.94594845,40.75052534,23,True,classic
3129,Queens Plaza North & Crescent St,-73.94073717,40.75110165,31,True,classic
3130,21 St & Queens Plaza North,-73.94335788,40.75325964,31,True,classic
3131,E 68 St & 3 Ave,-73.96224617958069,40.76712840349542,31,True,classic
3132,E 59 St & Madison Ave,-73.97109243,40.76350532,35,True,classic
3134,3 Ave & E 62 St,-73.96526895,40.76312584,51,True,classic
3135,E 75 St & 3 Ave,-73.95772297,40.77112927,41,True,classic
3136,5 Ave & E 63 St,-73.971518,40.766368,47,True,classic
3137,5 Ave & E 73 St,-73.96685276,40.77282817,31,True,classic
3139,E 72 St & Park Ave,-73.96409422159195,40.77118287540658,43,True,classic
3140,1 Ave & E 78 St,-73.9535166,40.77140426,55,True,classic
3141,1 Ave & E 68 St,-73.95818491,40.76500525,58,True,classic
3142,1 Ave & E 62 St,-73.96094022,40.7612274,41,True,classic
3143,5 Ave & E 78 St,-73.96427392959595,40.77632142182271,47,True,classic
3144,E 81 St & Park Ave,-73.9590097,40.77677702,46,True,classic
3145,E 84 St & Park Ave,-73.95772073,40.77862688,45,True,classic
3146,E 81 St & 3 Ave,-73.9567526,40.77573034,47,True,classic
3147,E 85 St & 3 Ave,-73.95407149,40.77801203,39,True,classic
3148,E 84 St & 1 Ave,-73.95068615,40.77565541,31,True,classic
3150,E 85 St & York Ave,-73.94803392,40.77536905,47,True,classic
3151,E 81 St & York Ave,-73.94989233,40.7728384,43,True,classic
3152,3 Ave & E 71 St,-73.96119945,40.76873687,42,True,classic
3154,E 77 St & 3 Ave,-73.95856158,40.77314236,31,True,classic
3156,E 72 St & York Ave,-73.95348296,40.76663814,37,True,classic
3157,East End Ave & E 86 St,-73.94446054,40.77518615,27,True,classic
3158,W 63 St & Broadway,-73.98261428,40.77163851,31,True,classic
3159,W 67 St & Broadway,-73.98266566,40.77492513,31,True,classic
3160,Central Park West & W 76 St,-73.97374737,40.77896784,39,True,classic
3161,W 76 St & Columbus Ave,-73.97728532552719,40.7801839724239,59,True,classic
3163,Central Park West & W 68 St,-73.97782542,40.7734066,43,True,classic
3164,Columbus Ave & W 72 St,-73.97898475,40.7770575,67,True,classic
3165,Central Park West & W 72 St,-73.9762057363987,40.77579376683666,51,True,classic
3166,Riverside Dr & W 72 St,-73.98562431335449,40.78057799010334,41,True,classic
3167,Amsterdam Ave & W 73 St,-73.98093044757842,40.77966809007312,55,True,classic
3168,Central Park West & W 85 St,-73.96961715,40.78472675,31,True,classic
3169,Riverside Dr & W 82 St,-73.98128127,40.78720869,39,True,classic
3170,W 84 St & Columbus Ave,-73.97283406,40.78499979,35,True,classic
3171,Amsterdam Ave & W 82 St,-73.97667321,40.78524672,39,True,classic
3172,W 74 St & Columbus Ave,-73.97754961,40.7785669,27,True,classic
3173,Riverside Blvd & W 67 St,-73.98888587951659,40.777507027547976,39,True,classic
3175,W 70 St & Amsterdam Ave,-73.98288594,40.77748046,31,True,classic
3177,W 84 St & Broadway,-73.977112,40.7867947,63,True,classic
3178,Riverside Dr & W 78 St,-73.98362492,40.78414472,39,True,classic
3179,Park Ave & Marcus Garvey Blvd,-73.941342,40.698617,23,True,classic
3184,Paulus Hook,-74.0335519,40.7141454,14,True,classic
3185,City Hall,-74.043845,40.7177325,22,True,classic
3186,Grove St PATH,-74.04311746358871,40.71958611647166,42,True,classic
3187,Warren St,-74.03805095,40.7211236,22,True,classic
3191,Union St,-74.0836394,40.7182113,18,True,classic
3192,Liberty Light Rail,-74.0557013,40.7112423,22,True,classic
3193,Lincoln Park,-74.07840594649315,40.7246050998869,18,True,classic
3194,McGinley Square,-74.06762212514877,40.7253399253558,22,True,classic
3195,Sip Ave,-74.06391263008118,40.73089709786179,34,True,classic
3196,Riverview Park,-74.0439909,40.7443187,18,True,classic
3198,Heights Elevator,-74.04044330120087,40.748715945380226,18,True,classic
3199,Newport Pkwy,-74.0321082,40.7287448,14,True,classic
3201,Dey St,-74.066921,40.737711,18,True,classic
3202,Newport PATH,-74.0337589,40.7272235,18,True,classic
3203,Hamilton Park,-74.044247311,40.727595966,26,True,classic
3205,JC Medical Center,-74.0496379137039,40.71653978099194,22,True,classic
3206,Hilltop,-74.0575736,40.7311689,26,True,classic
3207,Oakland Ave,-74.0524783,40.7376037,26,True,classic
3209,Brunswick St,-74.0506564,40.7241765,22,True,classic
3210,Pershing Field,-74.051788633,40.742677141,18,True,classic
3211,Newark Ave,-74.046304543,40.72152515,22,True,classic
3212,Christ Hospital,-74.050443636,40.734785818,22,True,classic
3213,Van Vorst Park,-74.047726625,40.71848892,22,True,classic
3214,Essex Light Rail,-74.0364857,40.7127742,22,True,classic
3220,5 Corners Library,-74.0595030784607,40.734961020009514,18,True,classic
3221,47 Ave & 31 St,-73.93561,40.743,27,True,classic
3225,Baldwin at Montgomery,-74.0641943,40.7236589,14,True,classic
3226,W 82 St & Central Park West,-73.97137,40.78275,45,True,classic
3231,E 67 St & Park Ave,-73.96592080593109,40.76780080148132,39,True,classic
3232,Bond St & Fulton St,-73.98304268717766,40.68962188790333,31,True,classic
3233,E 48 St & 5 Ave,-73.97805914282799,40.75724567911726,39,True,classic
3235,E 41 St & Madison Ave,-73.97992193698882,40.752165280621966,31,True,classic
3236,W 42 St & Dyer Ave,-73.99379968643188,40.75898481399634,33,True,classic
3241,Monroe St & Tompkins Ave,-73.944694,40.686203,19,True,classic
3242,Schermerhorn St & Court St,-73.99183362722397,40.69102925677968,39,True,classic
3243,E 58 St & 1 Ave (NE Corner),-73.96226227283478,40.75892386377695,29,True,classic
3244,University Pl & E 8 St,-73.99490341544151,40.73143724085228,42,True,classic
3246,Montague St & Clinton St,-73.99230033159256,40.694281141397326,39,True,classic
3249,Verona Pl & Fulton St,-73.9476791024208,40.6803560840434,19,True,classic
3255,8 Ave & W 31 St,-73.9946848154068,40.7505853470215,18,True,classic
3256,Pier 40 - Hudson River Park,-74.01129573583603,40.7277140777778,23,True,classic
3259,9 Ave & W 28 St,-73.99923384189606,40.74937024193277,27,True,classic
3260,Mercer St & Bleecker St,-73.99662137031554,40.72706363348306,45,True,classic
3263,Cooper Square & Astor Pl,-73.99075269699097,40.72951496224949,59,True,classic
3267,Morris Canal,-74.03852552175522,40.7124188237569,14,True,classic
3268,Lafayette Park,-74.06285852193832,40.71346382669195,14,True,classic
3269,Brunswick & 6th,-74.05038893222809,40.72601172964625,14,True,classic
3270,Jersey & 6th St,-74.04557168483734,40.72528910781132,14,True,classic
3272,Jersey & 3rd,-74.04595255851744,40.72333158646436,14,True,classic
3273,Manila & 1st,-74.04288411140442,40.721650724879986,18,True,classic
3275,Columbus Drive,-74.03891444206238,40.71835519823214,14,True,classic
3276,Marin Light Rail,-74.04281705617905,40.71458403535893,26,True,classic
3277,Communipaw & Berry Lane,-74.06661093235016,40.71435836870427,14,True,classic
3278,Monmouth and 6th,-74.04879033565521,40.72568548362901,14,True,classic
3279,Dixon Mills,-74.04996782541275,40.721630142638354,18,True,classic
3280,Astor Place,-74.07126188278198,40.71928220070702,14,True,classic
3281,Leonard Gordon Park,-74.0572714805603,40.74590996631558,14,True,classic
3282,5 Ave & E 88 St,-73.95939,40.78307,38,True,classic
3283,W 89 St & Columbus Ave,-73.97041561,40.7882213,47,True,classic
3284,E 88 St & Park Ave,-73.95595908164978,40.781410700190015,38,True,classic
3285,W 87 St & Amsterdam Ave,-73.9747,40.78839,43,True,classic
3286,E 89 St & 3 Ave,-73.9521667,40.7806284,39,True,classic
3287,W 87 St & West End Ave,-73.97757,40.789622,47,True,classic
3288,E 88 St & 1 Ave,-73.9488134,40.778301,39,True,classic
3289,W 90 St & Amsterdam Ave,-73.97288918495178,40.79017948095081,32,True,classic
3290,E 89 St & York Ave,-73.946041,40.7779453,35,True,classic
3292,5 Ave & E 93 St,-73.957481,40.7857851,43,True,classic
3293,W 92 St & Broadway,-73.9739,40.7921,24,True,classic
3294,E 91 St & Park Ave,-73.955327,40.7835016,38,True,classic
3295,Central Park W & W 96 St,-73.964839,40.79127,59,True,classic
3296,E 93 St & 2 Ave,-73.9489196240902,40.782454175279874,42,True,classic
3297,6 St & 7 Ave,-73.97988067,40.6686627,21,True,classic
3298,Warren St & Court St,-73.99383324,40.686371,23,True,classic
3299,E 98 St & Park Ave,-73.95206,40.78813,25,True,classic
3300,Prospect Park West & 8 St,-73.97637605667114,40.66514681533792,25,True,classic
3301,Columbus Ave & W 95 St,-73.968087,40.7919557,39,True,classic
3302,Columbus Ave & W 103 St,-73.9643412291,40.7969347,22,True,classic
3303,Butler St & Court St,-73.99440329,40.6849894,25,True,classic
3304,6 Ave & 9 St,-73.98377641,40.668127,27,True,classic
3305,E 91 St & 2 Ave,-73.94965589046478,40.78112229934166,39,True,classic
3306,10 St & 7 Ave,-73.98199886,40.6662078,23,True,classic
3307,West End Ave & W 94 St,-73.974124,40.7941654,31,True,classic
3308,Kane St & Clinton St,-73.99645295,40.6861758,27,True,classic
3309,E 97 St & 3 Ave,-73.94860294,40.7859201,30,True,classic
3310,14 St & 7 Ave,-73.98396846,40.663779,24,True,classic
3311,Columbia St & Kane St,-74.0016256,40.68763155,21,True,classic
3312,1 Ave & E 94 St,-73.94594,40.7817212,38,True,classic
3313,6 Ave & 12 St,-73.9854617,40.6663181,29,True,classic
3314,W 95 St & Broadway,-73.971888,40.7937704,32,True,classic
3315,Henry St & Degraw St,-73.99917254,40.6847514,23,True,classic
3317,10 St & 5 Ave,-73.98700053,40.6686273,24,True,classic
3318,2 Ave & E 96 St,-73.9471673,40.7839636,39,True,classic
3319,14 St & 5 Ave,-73.98895053,40.666287,21,True,classic
3320,Central Park West & W 100 St,-73.96286845207214,40.79406660818552,49,True,classic
3321,Clinton St & Union St,-73.99785267,40.6831164,25,True,classic
3322,12 St & 4 Ave,-73.9904394,40.668603,25,True,classic
3323,W 106 St & Central Park West,-73.9605909006,40.7981856,59,True,classic
3324,3 Ave & 14 St,-73.99333264,40.6685455,25,True,classic
3325,E 95 St & 3 Ave,-73.950503,40.7849032,31,True,classic
3326,Clinton St & Centre St,-74.00194698,40.67434,21,True,classic
3327,3 Ave & E 100 St,-73.94728331,40.7877214,27,True,classic
3328,W 100 St & Manhattan Ave,-73.9645,40.795,39,True,classic
3329,Degraw St & Smith St,-73.99318208,40.6829151,27,True,classic
3330,Henry St & Bay St,-74.00494695,40.6725058,19,True,classic
3331,Riverside Dr & W 104 St,-73.9711457439,40.8013434,39,True,classic
3332,Degraw St & Hoyt St,-73.99079024791718,40.681990442707026,19,True,classic
3333,Columbia St & Lorraine St,-74.0075572,40.6747055,21,True,classic
3335,Union St & 4 Ave,-73.98282002,40.6772744,28,True,classic
3336,E 97 St & Madison Ave,-73.953559,40.787801,41,True,classic
3337,Dwight St & Van Dyke St,-74.01195555925369,40.67363551341504,23,True,classic
3338,2 Ave & E 99 St,-73.94552579,40.7862586,31,True,classic
3339,Berkeley Pl & 6 Ave,-73.97846879,40.6765304,23,True,classic
3340,Wolcott St & Dwight St,-74.0100698,40.6753274,21,True,classic
3341,Central Park West & W 102 St,-73.96186,40.795346,41,True,classic
3342,Pioneer St & Richards St,-74.0094613,40.6777748,23,True,classic
3343,W 107 St & Columbus Ave,-73.9621128676,40.7997568,23,True,classic
3344,Pioneer St & Van Brunt St,-74.011169,40.679043,19,True,classic
3345,Madison Ave & E 99 St,-73.95242929458618,40.78948541553215,35,True,classic
3346,Berkeley Pl & 7 Ave,-73.97523209452629,40.675146838709786,29,True,classic
3347,Van Brunt St & Wolcott St,-74.01275056,40.6773429,21,True,classic
3348,Coffey St & Conover St,-74.015665,40.677236,19,True,classic
3349,Grand Army Plaza & Plaza St West,-73.97087984,40.6729679,30,True,classic
3350,W 100 St & Broadway,-73.97041192,40.7973721,39,True,classic
3351,E 102 St & 1 Ave,-73.94164802,40.7869946,25,True,classic
3352,Sigourney St & Columbia St,-74.0087952464819,40.67267243410948,21,True,classic
3354,3 St & Prospect Park West,-73.97363831,40.668132,31,True,classic
3355,E 66 St & Madison Ave,-73.96845281124115,40.76800889305947,25,True,classic
3356,Amsterdam Ave & W 66 St,-73.98470567,40.7746671,21,True,classic
3357,W 106 St & Amsterdam Ave,-73.9664492472,40.8008363,35,True,classic
3358,Garfield Pl & 8 Ave,-73.97484126,40.6711978,25,True,classic
3359,E 68 St & Madison Ave,-73.96703464,40.7691572,41,True,classic
3360,Amsterdam Ave & W 79 St,-73.9786517,40.7829391,25,True,classic
3361,Carroll St & 6 Ave,-73.9787282,40.6740886,23,True,classic
3362,Madison Ave & E 82 St,-73.96069399,40.7781314,34,True,classic
3363,E 102 St & Park Ave,-73.95033068,40.7904828,33,True,classic
3364,Carroll St & 5 Ave,-73.9814832,40.6751622,27,True,classic
3365,3 St & 7 Ave,-73.97839676,40.6703837,27,True,classic
3366,West End Ave & W 107 St,-73.9681805305,40.8021174,31,True,classic
3367,5 Ave & E 103 St,-73.95249933,40.7922553,39,True,classic
3368,5 Ave & 3 St,-73.98352355,40.6728155,30,True,classic
3369,E 82 St & East End Ave,-73.9468208,40.7724607,29,True,classic
3370,E 78 St & 2 Ave,-73.95577801,40.7727966,25,True,classic
3372,E 74 St & 1 Ave,-73.95482273,40.7689738,39,True,classic
3373,3 St & 3 Ave,-73.98775226,40.6750705,27,True,classic
3374,Central Park North & Adam Clayton Powell Blvd,-73.955613,40.799484,36,True,classic
3375,3 Ave & E 72 St,-73.96060712,40.7699426,35,True,classic
3376,E 65 St & 2 Ave,-73.96222069859505,40.76471851944339,39,True,classic
3377,Carroll St & Bond St,-73.99037292,40.6786115,25,True,classic
3378,E 76 St & Park Ave,-73.96222088,40.773763,28,True,classic
3379,E 103 St & Lexington Ave,-73.94755757,40.7903051,35,True,classic
3381,3 St & Hoyt St,-73.99364123,40.6777287,21,True,classic
3382,Carroll St & Smith St,-73.99475825,40.680611,31,True,classic
3383,Cathedral Pkwy & Broadway,-73.96699104,40.804213,25,True,classic
3384,Smith St & 3 St,-73.99599099,40.6787242,25,True,classic
3386,1 Pl & Clinton St,-73.99905709,40.6809591,27,True,classic
3387,E 106 St & Madison Ave,-73.94945003,40.7934337,25,True,classic
3388,President St & Henry St,-73.99990419,40.6828003,25,True,classic
3389,Carroll St & Columbia St,-74.00348559,40.6830456,28,True,classic
3390,E 109 St & 3 Ave,-73.9432083,40.79329668,24,True,classic
3391,E 106 St & 1 Ave,-73.93956237,40.7892529,25,True,classic
3392,Commerce St & Van Brunt St,-74.00860912,40.6812117,19,True,classic
3393,Richards St & Delavan St,-74.00785041,40.6794327,19,True,classic
3394,Columbia St & W 9 St,-74.00647134,40.6769993,21,True,classic
3395,Henry St & W 9 St,-74.00324957,40.6763744,19,True,classic
3396,Clinton St & 4 Place,-74.00014502,40.6783563,25,True,classic
3397,Court St & Nelson St,-73.99869893,40.6763947,25,True,classic
3398,Smith St & 9 St,-73.99785768,40.6746957,23,True,classic
3399,7 St & 3 Ave,-73.98983001708984,40.67260298150126,24,True,classic
3400,E 110 St & Madison Ave,-73.94782145,40.7961535,24,True,classic
3402,Court St & State St,-73.99203074,40.6902375,23,True,classic
3403,4 Ave & 9 St,-73.98876585,40.6705135,31,True,classic
3404,7 St & 5 Ave,-73.98541675,40.6704922,27,True,classic
3405,5 St & 6 Ave,-73.98208968,40.6704836,23,True,classic
3407,Union St & Nevins St,-73.98765474557877,40.67909799721684,23,True,classic
3408,Congress St & Clinton St,-73.99520919,40.6881529,27,True,classic
3409,Bergen St & Smith St,-73.99063168,40.6867443,35,True,classic
3410,Dean St & Hoyt St,-73.98759104,40.6864442,31,True,classic
3411,Bond St & Bergen St,-73.98620772,40.6849668,27,True,classic
3412,Pacific St & Nevins St,-73.98302136,40.6853761,18,True,classic
3414,Bergen St & Flatbush Ave,-73.97567331790923,40.680944723477296,33,True,classic
3415,Prospect Pl & 6 Ave,-73.97519523,40.6793307,25,True,classic
3416,7 Ave & Park Pl,-73.97324283,40.6776147,25,True,classic
3417,Baltic St & 5 Ave,-73.97854971,40.6795766,27,True,classic
3418,Plaza St West & Flatbush Ave,-73.97111473,40.6750207,33,True,classic
3419,Douglass St & 4 Ave,-73.98154004,40.6792788,27,True,classic
3420,Douglass St & 3 Ave,-73.98432695,40.6802133,21,True,classic
3421,Hoyt St & Warren St,-73.98901629,40.6843549,23,True,classic
3422,Columbia St & Degraw St,-74.00242364,40.6859296,21,True,classic
3423,West Drive & Prospect Park West,-73.97945255041122,40.6610633719006,29,True,classic
3424,E 106 St & Lexington Ave,-73.945993,40.791976,27,True,classic
3425,2 Ave & E 104 St,-73.94370784,40.7892105,33,True,classic
3429,Hanson Pl & Ashland Pl,-73.97790759801863,40.68506807308177,39,True,classic
3430,Richardson St & N Henry St,-73.94223690032959,40.71907891179564,25,True,classic
3435,Grand St & Elizabeth St,-73.99596,40.718822,45,True,classic
3437,Riverside Dr & W 91 St,-73.97700369358063,40.79313480986663,39,True,classic
3440,Fulton St & Adams St,-73.98949474096298,40.692418292578466,43,True,classic
3443,W 52 St & 6 Ave,-73.97982001304626,40.76132983124814,40,True,classic
3452,Bayard St & Leonard St,-73.94885390996933,40.71915571696044,43,True,classic
3453,Devoe St & Lorimer St,-73.9491033554077,40.71335226222875,19,True,classic
3454,Leonard St & Maujer St,-73.94705951213837,40.7103685423523,24,True,classic
3456,Jackson St & Leonard St,-73.94821286201477,40.71638031973561,22,True,classic
3457,E 58 St & Madison Ave,-73.97209525108337,40.76302594280519,46,True,classic
3461,Murray St & Greenwich St,-74.01122331619263,40.714851505262516,33,True,classic
3463,E 16 St & Irving Pl,-73.98797392845154,40.735367055605394,37,True,classic
3467,W Broadway & Spring St,-74.00165855884552,40.72494672359416,44,True,classic
3469,India St & West St,-73.95995020866394,40.73181401720966,23,True,classic
3472,W 15 St & 10 Ave,-74.00747358798981,40.742753828659026,39,True,classic
3477,39 St & 2 Ave,-74.01062786579132,40.65539977447831,33,True,classic
3478,2 Ave & 36 St,-74.00870203971863,40.65708866668485,43,True,classic
3481,York St,-74.04105,40.71649,22,True,classic
3483,Montgomery St,-74.05099,40.71942,14,True,classic
3486,Schermerhorn St & Bond St,-73.98451656103134,40.688417427540834,30,True,classic
3490,E 116 St & 2 Ave,-73.937261,40.796879,31,True,classic
3491,E 118 St & 1 Ave,-73.93504,40.79747,24,True,classic
3492,E 118 St & Park Ave,-73.9419949,40.8005385,27,True,classic
3493,E 118 St & 3 Ave,-73.9389152,40.799139,31,True,classic
3494,E 115 St & Lexington Ave,-73.9423,40.797911,25,True,classic
3495,E 114 St & 1 Ave,-73.9362541,40.7945663,26,True,classic
3496,1 Ave & E 110 St,-73.9383,40.7923272,25,True,classic
3497,Pleasant Ave & E 116 St,-73.9333349,40.7949879,23,True,classic
3498,Pleasant Ave & E 120 St,-73.9311847,40.7974772,21,True,classic
3499,2 Ave & E 122 St,-73.9349,40.8006721,25,True,classic
3500,E 115 St & Madison Ave,-73.944846,40.7989445,31,True,classic
3501,E 118 St & Madison Ave,-73.9442507,40.8014866,29,True,classic
3502,Lexington Ave & E 111 St,-73.9441232,40.7954121,29,True,classic
3503,Madison Ave & E 120 St,-73.942954,40.80295,30,True,classic
3504,E 123 St & Lexington Ave,-73.9379,40.8029263,27,True,classic
3505,Lexington Ave & E 127 St,-73.936322,40.805726,33,True,classic
3506,Lexington Ave & E 120 St,-73.9398167,40.8013066,29,True,classic
3507,Park Ave & E 124 St,-73.9396861,40.8045555,36,True,classic
3508,St Nicholas Ave & Manhattan Ave,-73.953149,40.809725,31,True,classic
3509,Lenox Ave & W 115 St,-73.9500739,40.8011939,31,True,classic
3510,Adam Clayton Powell Blvd & W 123 St,-73.949373,40.8078316,31,True,classic
3511,Adam Clayton Powell Blvd & W 115 St,-73.9532423,40.802535,22,True,classic
3513,21 St & Hoyt Ave S,-73.923706,40.774645,21,True,classic
3514,Astoria Park S & Shore Blvd,-73.927631,40.7767,23,True,classic
3515,24 Ave & 26 St,-73.918544,40.774591,19,True,classic
3516,31 St & Astoria Blvd,-73.9184057,40.7699176,31,True,classic
3517,31 St & Hoyt Ave N,-73.9170074,40.7711528,35,True,classic
3518,Lenox Ave & W 126 St,-73.9452087,40.808442,34,True,classic
3520,Adam Clayton Powell Blvd & W 118 St,-73.951475,40.804372,27,True,classic
3521,Lenox Ave & W 111 St,-73.9523,40.7987859,36,True,classic
3522,37 St & 24 Ave,-73.9120938,40.7701477,19,True,classic
3523,24 Ave & 29 St,-73.916142,40.7729,25,True,classic
3524,19 St & 24 Ave,-73.9225403,40.7774552,23,True,classic
3525,23 Ave & 27 St,-73.9153175,40.776165,21,True,classic
3526,31 St & 23 Ave,-73.9125551,40.7747878,27,True,classic
3527,5 Ave & E 126 St,-73.941747,40.80698,27,True,classic
3528,Steinway St & 23 Ave,-73.9077436,40.7713937,21,True,classic
3529,Lenox Ave & W 130 St,-73.9430681,40.8107922,25,True,classic
3530,Crescent St & Ditmars Blvd,-73.9145645,40.7787185,19,True,classic
3531,Frederick Douglass Blvd & W 129 St,-73.9492286,40.8125511,27,True,classic
3532,Ditmars Blvd & 19 St,-73.9183302,40.78145,27,True,classic
3533,St. Nicholas Ave & W 126 St,-73.9518776,40.8114323,34,True,classic
3534,Frederick Douglass Blvd & W 117 St,-73.954692,40.805159,39,True,classic
3535,Mt Morris Park W & W 120 St,-73.945925,40.804038,27,True,classic
3536,W 116 St & Broadway,-73.9641,40.8082,43,True,classic
3537,Carlton Ave & Dean St,-73.9710097,40.6809741,29,True,classic
3538,W 110 St & Amsterdam Ave,-73.96295,40.802692,45,True,classic
3539,W 116 St & Amsterdam Ave,-73.9607082,40.8067581,43,True,classic
3540,Morningside Ave & W 123 St,-73.9551508,40.81,35,True,classic
3541,Amsterdam Ave & W 125 St,-73.956461,40.813358,39,True,classic
3542,Amsterdam Ave & W 119 St,-73.9596214,40.8086249,29,True,classic
3543,Morningside Dr & Amsterdam Ave,-73.95736455917358,40.81028506306003,35,True,classic
3544,Underhill Ave & Pacific St,-73.9646795,40.6804836,27,True,classic
3545,Broadway & W 122 St,-73.9612547,40.8120562,33,True,classic
3546,Pacific St & Classon Ave,-73.9587903,40.6791944,21,True,classic
3547,Broadway & Moylan Pl,-73.9590255,40.8143256,41,True,classic
3549,Grand Ave & Bergen St,-73.962408,40.678045,25,True,classic
3551,3 Ave & E 112 St,-73.941606,40.795508,23,True,classic
3552,W 113 St & Broadway,-73.964928,40.805973,39,True,classic
3553,Frederick Douglass Blvd & W 112 St,-73.957145,40.801694,37,True,classic
3554,Vernon Blvd & 41 Rd,-73.9485678,40.7552433,27,True,classic
3555,28 St & 41 Ave,-73.93797,40.751047,27,True,classic
3557,40 Ave & 9 St,-73.945133,40.75742,19,True,classic
3558,Bergen St & Vanderbilt Ave,-73.9680438,40.6794388,27,True,classic
3559,21 St & 38 Ave,-73.9391224,40.7576314,19,True,classic
3561,37 Ave & 35 St,-73.9279917,40.7531106,26,True,classic
3562,Classon Ave & St Marks Ave,-73.9596082,40.6765198,27,True,classic
3563,28 St & 36 Ave,-73.932719,40.757186,29,True,classic
3564,21 St & 36 Ave,-73.9362726,40.7601853,19,True,classic
3565,36 Ave & 10 St,-73.9411265,40.7614376,19,True,classic
3566,Crescent St & 35 Ave,-73.9321455,40.7596276,25,True,classic
3567,11 St & 35 Ave,-73.9391141,40.7627442,19,True,classic
3568,34 St & 35 Ave,-73.9262231,40.7569332,21,True,classic
3569,Franklin Ave & St Marks Ave,-73.9561677,40.6758324,29,True,classic
3570,35 Ave & 37 St,-73.9236611,40.7557327,31,True,classic
3571,Bedford Ave & Bergen St,-73.952918,40.676368,24,True,classic
3572,34 Ave & 38 St,-73.921631,40.756913,33,True,classic
3573,35 St & 34 Ave,-73.9242751,40.7580583,25,True,classic
3574,Prospect Pl & Underhill Ave,-73.96579,40.6769694,23,True,classic
3575,Crescent St & 34 Ave,-73.930562,40.76108,19,True,classic
3576,Park Pl & Vanderbilt Ave,-73.969024,40.6767,27,True,classic
3577,34 Ave & 21 St,-73.9342862,40.7628138,23,True,classic
3578,Park Pl & Franklin Ave,-73.9564947,40.6741806,21,True,classic
3579,Sterling Pl & Bedford Ave,-73.954131,40.672695,25,True,classic
3580,St Johns Pl & Washington Ave,-73.9631611,40.6737236,30,True,classic
3581,Underhill Ave & Lincoln Pl,-73.9671457,40.6740123,27,True,classic
3582,Lincoln Pl & Classon Ave,-73.9609,40.6721683,28,True,classic
3583,Eastern Pkwy & Washington Ave,-73.9631145,40.6716493,31,True,classic
3584,Eastern Pkwy & Franklin Ave,-73.9576801,40.6707767,42,True,classic
3585,Union St & Bedford Ave,-73.9554162,40.6691783,24,True,classic
3586,34 Ave & 13 St,-73.9364848,40.7638753,19,True,classic
3587,Carroll St & Washington Ave,-73.9618148,40.6686744,27,True,classic
3588,Vernon Blvd & 10 St,-73.9373554,40.7671863,21,True,classic
3589,Broadway & 12 St,-73.9347774,40.7668,19,True,classic
3590,Carroll St & Franklin Ave,-73.9588,40.6679411,19,True,classic
3591,21 St & 31 Dr,-73.930819,40.7659,21,True,classic
3592,Crescent St & Broadway,-73.9286471,40.7633589,19,True,classic
3593,31 St & Broadway,-73.925921,40.761584,35,True,classic
3595,35 St & Broadway,-73.9222427,40.760339,18,True,classic
3596,Sullivan Pl & Bedford Ave,-73.9574686,40.6642406,19,True,classic
3597,43 St & Broadway,-73.9166368,40.7577284,25,True,classic
3598,Newton Rd & 44 St,-73.9142678,40.7595701,19,True,classic
3599,Franklin Ave & Empire Blvd,-73.9605695,40.66314,27,True,classic
3600,31 Ave & Steinway St,-73.9170071,40.7611488,27,True,classic
3601,Sterling St & Bedford Ave,-73.9569115,40.6627059,19,True,classic
3602,31 Ave & 34 St,-73.920827,40.763154,23,True,classic
3603,31 Ave & 30 St,-73.9240312,40.7647,21,True,classic
3604,Rogers Ave & Sterling St,-73.9538746,40.6630619,17,True,classic
3605,31 Ave & Crescent St,-73.9265474,40.7658346,21,True,classic
3606,49 Ave & 21 St,-73.948852,40.74252,21,True,classic
3607,31 Ave & 14 St,-73.9322662,40.7682,19,True,classic
3608,5 St & 51 Ave,-73.9566,40.7423737,21,True,classic
3609,Vernon Blvd & 31 Ave,-73.9354504,40.7692475,23,True,classic
3610,Vernon Blvd & 30 Rd,-73.934171,40.770845,27,True,classic
3611,Vernon Blvd & 47 Rd,-73.9534573,40.7449067,31,True,classic
3612,30 Ave & 21 St,-73.9286078,40.7703743,15,True,classic
3613,Center Blvd & 48 Ave,-73.957539,40.745038,27,True,classic
3614,Crescent St & 30 Ave,-73.9249574,40.768692,23,True,classic
3615,44 Dr & 21 St,-73.9460927,40.748,21,True,classic
3616,Steinway St & 28 Ave,-73.9136695,40.7656251,25,True,classic
3617,28 Ave & 35 St,-73.9169858,40.7671,27,True,classic
3618,27 St & Hunter St,-73.941275,40.7485,25,True,classic
3619,Newtown Ave & 23 St,-73.9246145,40.7713615,19,True,classic
3620,11 St & 43 Ave,-73.9479119,40.7519071,23,True,classic
3621,27 Ave & 9 St,-73.9309134,40.7739825,19,True,classic
3622,E 128 St & Madison Ave,-73.939182,40.80756,23,True,classic
3623,W 120 St & Claremont Ave,-73.9634,40.8109494,39,True,classic
3628,Lenox Ave & W 117 St,-73.9490782,40.8025566,31,True,classic
3629,Adam Clayton Powell Blvd & W 126 St,-73.94776493310928,40.809495347779475,33,True,classic
3630,Frederick Douglass Blvd & W 115 St,-73.9559308,40.8038654,33,True,classic
3637,Fulton St & Waverly Ave,-73.96599590778351,40.683238654603414,31,True,classic
3638,Washington St,-74.0354826,40.7242941,18,True,classic
3639,Harborside,-74.034234,40.7192517,30,True,classic
3640,Journal Square,-74.0625,40.73367,18,True,classic
3641,Broadway & W 25 St,-73.98918628692627,40.74286877312112,54,True,classic
3646,35 Ave & 10 St,-73.93985509872437,40.76315481910373,26,True,classic
3647,48 Ave & 30 Pl,-73.93725872039794,40.74128309355993,23,True,classic
3648,Flushing Ave & Vanderbilt Ave,-73.97077560424805,40.697950315695444,25,True,classic
3649,W 129 St & Convent Ave,-73.95324736833572,40.814394437915816,30,True,classic
3654,31 St & Northern Blvd,-73.93349289894103,40.75186951421875,35,True,classic
3656,E 2 St & Avenue A,-73.98583620786667,40.72307749068673,46,True,classic
3658,W 18 St & 9 Ave,-74.00367558002472,40.7435337324616,27,True,classic
3661,Montgomery St & Franklin Ave,-73.9605563879013,40.666439306870814,19,True,classic
3664,North Moore St & Greenwich St,-74.0103006362915,40.72019521437465,30,True,classic
3668,Leonard St & Nassau Ave,-73.94984364509583,40.7239567849954,26,True,classic
3671,E 81 St & 2 Ave,-73.95427465438843,40.774779448957275,37,True,classic
3673,Dean St & Franklin Ave,-73.955637216568,40.67759206937376,21,True,classic
3674,Jay St & York St,-73.98672670125961,40.701403172577244,27,True,classic
3676,Van Brunt St & Van Dyke St,-74.01472628116608,40.6758329439129,24,True,classic
3677,Glenwood Ave,-74.07106071710587,40.72755146730012,18,True,classic
3678,Fairmount Ave,-74.07195925712585,40.72572613742557,18,True,classic
3679,Bergen Ave,-74.07145500183105,40.722103786686034,14,True,classic
3680,E 43 St & 5 Ave,-73.98025184869766,40.754120810779256,55,True,classic
3681,Grand St,-74.03768330812454,40.71517767732029,18,True,classic
3686,Gansevoort St & Hudson St,-74.00507032871246,40.739448201304036,39,True,classic
3687,E 33 St & 1 Ave,-73.97449783980846,40.74322681432173,59,True,classic
3689,W 104 St & Amsterdam Ave,-73.96649479866028,40.799041392882984,47,True,classic
3690,Park Pl & Church St,-74.00935515761375,40.71334184275907,36,True,classic
3691,28 Ave & 44 St,-73.91065120697021,40.76408932350688,19,True,classic
3693,N 11 St & Kent Ave,-73.95921930670738,40.72248188638219,27,True,classic
3694,Jackson Square,-74.0789,40.71113,17,True,classic
3697,W 64 St & Thelonious Monk Circle,-73.98918695747852,40.77515953434235,43,True,classic
3699,W 50 St & 9 Ave,-73.98917958140373,40.763604677958625,30,True,classic
3704,47 Ave & Skillman Ave,-73.94176483154297,40.7437524099784,19,True,classic
3707,Lexington Ave & E 26 St,-73.983293,40.741459,0,True,classic
3708,W 13 St & 5 Ave,-73.99431,40.735445,29,True,classic
3709,W 15 St & 6 Ave,-73.99642959237099,40.738046142482766,51,True,classic
3711,E 13 St & Avenue A,-73.98067966103554,40.72966729392978,47,True,classic
3712,W 35 St & Dyer Ave,-73.99740189313889,40.754691750226016,41,True,classic
3714,Division Ave & Hooper St,-73.9544353965357,40.70684203101325,61,True,classic
3715,Driggs Ave & N 9 St,-73.95520135760307,40.71816969454208,31,True,classic
3716,40 Ave & Crescent St,-73.93795609474182,40.753599202005596,23,True,classic
3718,E 11 St & Avenue B,-73.97950418293476,40.72746420692392,46,True,classic
3721,31 St & Newtown Ave,-73.9209334552288,40.7675487799971,35,True,classic
3723,Cadman Plaza E & Johnson St,-73.99015724658966,40.695317277669034,30,True,classic
3724,7 Ave & Central Park South,-73.9790689945221,40.7667405590595,39,True,classic
3725,2 Ave & E 72 St,-73.95840793848038,40.7687620293096,41,True,classic
3726,Center Blvd & 51 Ave,-73.95960688591003,40.743366080270214,20,True,classic
3727,Frost St & Meeker Ave,-73.94880026578903,40.71766197083994,38,True,classic
3728,Pierrepont St & Monroe Pl,-73.99344027042389,40.69535693320225,24,True,classic
3731,W 47 St & 6 Ave,-73.98255,40.758397,46,True,classic
3733,Avenue C & E 18 St,-73.973984,40.730563,46,True,classic
3734,E 58 St &  1 Ave (NW Corner),-73.962658,40.759125,50,True,classic
3735,W 30 St & 10 Ave,-74.002353,40.752694,38,True,classic
3736,E 12 St & Ave C,-73.976831,40.727243,41,True,classic
3737,Stanton St & Norfolk St,-73.986274,40.720747,35,True,classic
3738,Delancey St & Eldridge St,-73.991479,40.719383,31,True,classic
3739,Perry St & Greenwich Ave,-74.000939,40.735918,37,True,classic
3740,W Broadway & W Houston St,-74.000472,40.726378,34,True,classic
3744,1 Ave & E 5 St,-73.986389,40.725864,51,True,classic
3745,36 Ave & 31 St,-73.92957486212252,40.75651272984955,27,True,classic
3746,6 Ave & Broome St,-74.00473035871983,40.724308321602166,48,True,classic
3749,Lexington Ave & E 36 St,-73.9788007736206,40.747573958954796,23,True,classic
3755,DeKalb Ave & Franklin Ave,-73.95746178925037,40.69064807082943,19,True,classic
3756,White St & Moore St,-73.9351,40.704508,21,True,classic
3757,Stagg St & Morgan Ave,-73.93372,40.710681,23,True,classic
3758,George St & Wilson Ave,-73.92997,40.702997,19,True,classic
3759,Irving Ave & Jefferson St,-73.92535,40.70538,19,True,classic
3760,Willoughby Ave & Wyckoff Ave,-73.92153,40.705614,23,True,classic
3761,Cedar St & Myrtle Ave,-73.926241,40.697842,27,True,classic
3762,3 Ave & Carroll St,-73.9865,40.677027,27,True,classic
3763,Wyckoff Av & Jefferson St,-73.923711,40.707165,27,True,classic
3764,Bushwick Ave & McKibbin St,-73.93936,40.705517,21,True,classic
3765,Bushwick Ave & Stagg St,-73.94008,40.709897,21,True,classic
3766,Sharon St & Olive St,-73.93856,40.715353,24,True,classic
3767,Powers St & Olive St,-73.93894,40.71323,19,True,classic
3768,Waterbury St & Stagg St,-73.93734,40.71019,23,True,classic
3769,White St & Johnson Ave,-73.93581,40.707174,23,True,classic
3770,Central Ave & Flushing Ave,-73.9333,40.702831,21,True,classic
3771,McKibbin St & Bogart St,-73.933871,40.706237,30,True,classic
3772,Devoe St & Morgan Ave,-73.93515,40.713811,19,True,classic
3773,Knickerbocker Ave & Thames St,-73.92976,40.70539,20,True,classic
3774,Knickerbocker Ave & George St,-73.92836,40.704425,23,True,classic
3775,Suydam St & Knickerbocker Ave,-73.923769,40.702013,27,True,classic
3776,Central Ave & Starr Street,-73.92834,40.700003,23,True,classic
3777,Stockholm St & Wilson Ave,-73.923044,40.699304,23,True,classic
3778,Irving Ave & DeKalb Ave,-73.92095,40.7027,27,True,classic
3779,Hart St & Wyckoff Ave,-73.919911,40.704876,24,True,classic
3780,Wyckoff Av & Stanhope St,-73.917775,40.703545,22,True,classic
3781,Greene Av & Myrtle Av,-73.918877,40.698568,30,True,classic
3782,Brooklyn Bridge Park - Pier 2,-73.997178,40.698458,31,True,classic
3783,Cliff St & Fulton St,-74.00495,40.70838,37,True,classic
3785,W 42 St & 6 Ave,-73.98455,40.75492,37,True,classic
3786,Division St & Bowery,-73.996732,40.714193,49,True,classic
3787,Dock 72 Way & Market St,-73.97141,40.69985,22,True,classic
3789,Fulton St & Irving Pl,-73.959432,40.68186,31,True,classic
3790,Henry St & Middagh St,-73.991581,40.7003,37,True,classic
3791,Hoboken Ave at Monmouth St,-74.04696375131607,40.73520838045357,32,True,classic
3792,Columbus Dr at Exchange Pl,-74.03281,40.71687,30,True,classic
3795,10 St & 2 Ave,-73.993612,40.671907,19,True,classic
3798,W 40 St & 5 Ave,-73.982079,40.752269,55,True,classic
3799,6 Ave & W 34 St,-73.98805,40.74964,67,True,classic
3803,Bedford Ave & Montgomery St,-73.956934,40.665816,27,True,classic
3804,Front St & Jay St,-73.986842,40.702461,24,True,classic
3808,24 St & 41 Ave,-73.939991,40.752474,19,True,classic
3809,W 55 St & 6 Ave,-73.978434,40.763189,53,True,classic
3811,27 Ave & 3 St,-73.9342,40.77485,19,True,classic
3812,University Pl & E 14 St,-73.992085,40.734814,49,True,classic
3814,E 56 St & Madison Ave,-73.972628,40.761573,23,True,classic
3815,E 51 St & 2 Ave,-73.967641,40.755293,41,True,classic
3816,Metropolitan Ave & Vandervoort Ave,-73.93323,40.71429,24,True,classic
3817,Withers St & Kingsland Ave,-73.94051,40.71773,18,True,classic
3818,Calyer St & Jewel St,-73.94839,40.72984,40,True,classic
3819,Green St & McGuinness Blvd,-73.95204,40.73396,20,True,classic
3820,Willoughby Ave & Myrtle Ave,-73.93098,40.69757,19,True,classic
3821,Evergreen Ave & Noll St,-73.93318,40.70106,25,True,classic
3822,Bushwick Ave & Forrest St,-73.93641,40.70076,20,True,classic
3823,Beaver St & Fayette St,-73.93921,40.70099,30,True,classic
3824,Van Sinderen Ave & Truxton St,-73.90369,40.6786,23,True,classic
3825,Broadway & Furman Ave,-73.90756,40.68139,29,True,classic
3826,Moffat St & Bushwick,-73.90925,40.68458,18,True,classic
3827,Halsey St & Broadway,-73.91564,40.68565,20,True,classic
3828,Eldert St & Bushwick Ave,-73.91321,40.68652,22,True,classic
3829,Central Ave & Decatur St,-73.90798,40.6882,24,True,classic
3830,Halsey St & Evergreen Ave,-73.91227,40.68858,22,True,classic
3831,Broadway & Hancock St,-73.9168,40.68663,35,True,classic
3832,Central Ave & Weirfield St,-73.91181,40.69055,21,True,classic
3833,Madison St & Evergreen Ave,-73.91693,40.69122,18,True,classic
3834,Irving Ave & Halsey St,-73.90663,40.69467,19,True,classic
3835,Knickerbocker Ave & Hancock St,-73.90974,40.69385,22,True,classic
3836,Bushwick Ave & Linden St,-73.92146,40.69146,29,True,classic
3837,Broadway & Kosciuszko St,-73.92852,40.69329,29,True,classic
3838,Bushwick Ave & Harman St,-73.92524,40.69356,25,True,classic
3839,Putnam Ave & Knickerbocker Ave,-73.91164,40.69545,29,True,classic
3840,Putnam Ave & Wyckoff Ave,-73.90904,40.69811,24,True,classic
3841,Menahan St & Central Ave,-73.9196,40.69543,25,True,classic
3842,Bushwick Ave & Dekalb Ave,-73.92825,40.69502,29,True,classic
3843,Myrtle Ave & Grove St,-73.91516,40.69905,23,True,classic
3844,Myrtle Ave & Linden St,-73.91337,40.69943,25,True,classic
3845,Irving Ave & Harman St,-73.9179,40.70108,21,True,classic
3846,Central Ave & Himrod St,-73.92302,40.69676,25,True,classic
3847,Cedar St & Evergreen Ave,-73.92807,40.69671,25,True,classic
3848,Suydam St & Broadway,-73.93223,40.69544,32,True,classic
3849,Suydam St & St. Nicholas Ave,-73.91945,40.70636,17,True,classic
3850,Jefferson St & Cypress Ave,-73.92157,40.70907,25,True,classic
3851,Metropolitan Ave & Stewart Ave,-73.92793,40.71401,20,True,classic
3852,Stewart Ave & Johnson Ave,-73.92587,40.70869,17,True,classic
3853,Harrison Pl & Porter Ave,-73.92851,40.70686,20,True,classic
3854,Morgan Ave & Maspeth Ave,-73.93637,40.716657,25,True,classic
3855,Frost St & Debevoise Ave,-73.93948,40.71882,22,True,classic
3856,Kingsland Ave & Nassau Ave,-73.94173,40.72577,25,True,classic
3857,Engert Ave & McGuinness Blvd,-73.94546,40.72158,19,True,classic
3858,Kent St & McGuinness Blvd,-73.95161,40.73124,20,True,classic
3859,Lorimer St & Calyer St,-73.95414,40.72795,20,True,classic
3860,Wilson Ave & Troutman St,-73.92754,40.70166,26,True,classic
3861,Menahan St & Wyckoff Ave,-73.91422,40.70113,20,True,classic
3862,Linden St & Knickerbocker Ave,-73.91566,40.69714,18,True,classic
3863,Central Ave & Woodbine St,-73.91605,40.69296,18,True,classic
3864,Central Ave & Covert St,-73.90951,40.68929,30,True,classic
3865,Knickerbocker Ave & Cooper St,-73.90448,40.69081,24,True,classic
3866,Wilson Ave & Moffat St,-73.90506,40.68906,32,True,classic
3867,Somers St & Broadway,-73.90474,40.67945,29,True,classic
3868,Knickerbocker Ave & Halsey St,-73.90824,40.693,19,True,classic
3869,Van Buren St & Broadway,-73.92617,40.692,24,True,classic
3870,Melrose St & Broadway,-73.935877,40.697481,20,True,classic
3871,Bushwick Ave & Furman Ave,-73.90623,40.68281,30,True,classic
3872,Hancock St & Wyckoff Ave,-73.90674,40.6972,19,True,classic
3873,Madison St & Cypress Ave,-73.90742,40.70068,17,True,classic
3874,Menahan St & Seneca Ave,-73.91054,40.70461,16,True,classic
3875,Stephen St & Seneca Ave,-73.9007,40.6988,15,True,classic
3876,Forest Ave & Summerfield St,-73.89795,40.69922,23,True,classic
3877,Madison St & Forest Ave,-73.90245,40.70555,25,True,classic
3878,Cypress Ave & George St,-73.90271,40.69812,19,True,classic
3879,Broadway & Madison St,-73.91966,40.68822,25,True,classic
3880,Willoughby Ave & Onderdonk Ave,-73.91727,40.7098,27,True,classic
3881,12 Ave & W 125 St,-73.960405,40.818299,39,True,classic
3882,Norman St & Wyckoff Ave,-73.90311,40.69517,15,True,classic
3883,Harman St & Seneca Ave,-73.91292,40.70577,19,True,classic
3884,Centre St & Seneca Ave,-73.9022,40.69969,23,True,classic
3885,Onderdonk Ave & Gates Ave,-73.90737,40.70413,19,True,classic
3886,Menahan St & Onderdonk Ave,-73.9096,40.70553,20,True,classic
3887,Flushing Ave & Woodward Ave,-73.91873,40.71246,21,True,classic
3888,Woodward Ave & Harman St,-73.91092,40.70793,19,True,classic
3890,Grove St & Broadway,-73.923511,40.69047,31,True,classic
3891,Irving Ave & Palmetto St,-73.9127,40.698,20,True,classic
3892,38 Ave & 29 St,-73.93367,40.75473,19,True,classic
3893,Rockaway Ave & Bainbridge St,-73.91166642308235,40.68319988172761,25,True,classic
3895,Cypress Ave & Palmetto St,-73.90876293182373,40.701573408737914,25,True,classic
3896,Madison St & Seneca Ave,-73.90625,40.70183,22,True,classic
3897,Onderdonk Ave & Dekalb Ave,-73.91497,40.70863,17,True,classic
3898,E 63 St & 3 Ave,-73.9646,40.763954,57,True,classic
3899,Manhattan Av & Leonard St,-73.94844,40.72084,18,True,classic
3900,Morgan Ave & Lombardy St,-73.93889,40.72226,30,True,classic
3901,Stanhope St & Fairview Ave,-73.91116,40.70998,17,True,classic
3902,Fairview Ave & Linden St,-73.90632,40.70694,19,True,classic
3903,Jefferson Ave & Evergreen Ave,-73.91458,40.68989,17,True,classic
3905,4 Ave & E 12 St,-73.99011,40.732647,27,True,classic
3906,West St & Liberty St,-74.014847,40.711444,32,True,classic
3907,Central Ave & Melrose St,-73.93039,40.70112,17,True,classic
3909,Madison St & Woodward Ave,-73.90408,40.70408,20,True,classic
3910,Greene Ave & Grandview Ave,-73.907856,40.709697,17,True,classic
3911,Wyckoff St & Nevins St,-73.984275,40.683426,22,True,classic
3913,Sands St Gate,-73.979827,40.699569,19,True,classic
3914,West End Ave & W 78 St,-73.981687,40.783786,39,True,classic
3916,Pearl St & Peck Slip,-74.002751,40.708485,45,True,classic
3917,Willoughby St & Ashland Pl,-73.97877,40.69178,31,True,classic
3918,Avenue D & E 8 St,-73.975767,40.72387,30,True,classic
3919,Wall St & South St,-74.00637,40.70437,37,True,classic
3920,E 132 St & Madison Ave,-73.937195,40.810224,19,True,classic
3921,Willis Ave & Bruckner Blvd,-73.925177,40.805701,19,True,classic
3923,Lincoln Ave & E 134 St,-73.928803,40.808484,17,True,classic
3924,Lincoln Ave & E 138 St,-73.927311,40.810893,25,True,classic
3926,5 Ave & W 131 St,-73.93973,40.81014,20,True,classic
3929,Willis Ave & E 141 St,-73.921606,40.81093,19,True,classic
3931,Morris Ave & E 142 St,-73.924963,40.814469,23,True,classic
3932,Grand Concourse & E 144 St,-73.927987,40.816576,23,True,classic
3935,Amsterdam Ave & W 131 St,-73.954295,40.816355,19,True,classic
3986,E 149 St & Morris Ave,-73.922962,40.81734,35,True,classic
3988,E 128 St & 3 Ave,-73.934077,40.805631,19,True,classic
3989,Willis Ave & E 137 St,-73.923604,40.808384,22,True,classic
3992,W 169 St & Fort Washington Ave,-73.9421253,40.8428422,47,True,classic
3993,W 59 St & West End Ave,-73.990625,40.771771,29,True,classic
3994,2 Av & E 125 St,-73.933509,40.802554,30,True,classic
3995,5 Av & E 135 St,-73.937838,40.812191,21,True,classic
3996,Lexington Ave & E 128 St,-73.936085,40.806414,24,True,classic
3998,West 135 St & Lenox Terrace Pl,-73.939336,40.813619,29,True,classic
4016,Adam Clayton Powell Blvd & W 130 St,-73.946168,40.812346,22,True,classic
